amiri-arabic-400-normal.woff2	https://raw.githubusercontent.com/fontsource/font-files/9c49284c1234358495d88cd7e67fada8a0e10af2/fonts/google/amiri/files/amiri-arabic-400-normal.woff2	https://cdn.jsdelivr.net/gh/fontsource/font-files@9c49284c1234358495d88cd7e67fada8a0e10af2/fonts/google/amiri/files/amiri-arabic-400-normal.woff2
amiri-latin-400-normal.woff2	https://raw.githubusercontent.com/fontsource/font-files/9c49284c1234358495d88cd7e67fada8a0e10af2/fonts/google/amiri/files/amiri-latin-400-normal.woff2	https://cdn.jsdelivr.net/gh/fontsource/font-files@9c49284c1234358495d88cd7e67fada8a0e10af2/fonts/google/amiri/files/amiri-latin-400-normal.woff2
amiri-arabic-700-normal.woff2	https://raw.githubusercontent.com/fontsource/font-files/9c49284c1234358495d88cd7e67fada8a0e10af2/fonts/google/amiri/files/amiri-arabic-700-normal.woff2	https://cdn.jsdelivr.net/gh/fontsource/font-files@9c49284c1234358495d88cd7e67fada8a0e10af2/fonts/google/amiri/files/amiri-arabic-700-normal.woff2
amiri-latin-700-normal.woff2	https://raw.githubusercontent.com/fontsource/font-files/9c49284c1234358495d88cd7e67fada8a0e10af2/fonts/google/amiri/files/amiri-latin-700-normal.woff2	https://cdn.jsdelivr.net/gh/fontsource/font-files@9c49284c1234358495d88cd7e67fada8a0e10af2/fonts/google/amiri/files/amiri-latin-700-normal.woff2
amiri-arabic-400-italic.woff2	https://raw.githubusercontent.com/fontsource/font-files/9c49284c1234358495d88cd7e67fada8a0e10af2/fonts/google/amiri/files/amiri-arabic-400-italic.woff2	https://cdn.jsdelivr.net/gh/fontsource/font-files@9c49284c1234358495d88cd7e67fada8a0e10af2/fonts/google/amiri/files/amiri-arabic-400-italic.woff2
amiri-latin-400-italic.woff2	https://raw.githubusercontent.com/fontsource/font-files/9c49284c1234358495d88cd7e67fada8a0e10af2/fonts/google/amiri/files/amiri-latin-400-italic.woff2	https://cdn.jsdelivr.net/gh/fontsource/font-files@9c49284c1234358495d88cd7e67fada8a0e10af2/fonts/google/amiri/files/amiri-latin-400-italic.woff2
amiri-arabic-700-italic.woff2	https://raw.githubusercontent.com/fontsource/font-files/9c49284c1234358495d88cd7e67fada8a0e10af2/fonts/google/amiri/files/amiri-arabic-700-italic.woff2	https://cdn.jsdelivr.net/gh/fontsource/font-files@9c49284c1234358495d88cd7e67fada8a0e10af2/fonts/google/amiri/files/amiri-arabic-700-italic.woff2
amiri-latin-700-italic.woff2	https://raw.githubusercontent.com/fontsource/font-files/9c49284c1234358495d88cd7e67fada8a0e10af2/fonts/google/amiri/files/amiri-latin-700-italic.woff2	https://cdn.jsdelivr.net/gh/fontsource/font-files@9c49284c1234358495d88cd7e67fada8a0e10af2/fonts/google/amiri/files/amiri-latin-700-italic.woff2
scheherazade-new-arabic-400-normal.woff2	https://raw.githubusercontent.com/fontsource/font-files/9c49284c1234358495d88cd7e67fada8a0e10af2/fonts/google/scheherazade-new/files/scheherazade-new-arabic-400-normal.woff2	https://cdn.jsdelivr.net/gh/fontsource/font-files@9c49284c1234358495d88cd7e67fada8a0e10af2/fonts/google/scheherazade-new/files/scheherazade-new-arabic-400-normal.woff2
scheherazade-new-latin-400-normal.woff2	https://raw.githubusercontent.com/fontsource/font-files/9c49284c1234358495d88cd7e67fada8a0e10af2/fonts/google/scheherazade-new/files/scheherazade-new-latin-400-normal.woff2	https://cdn.jsdelivr.net/gh/fontsource/font-files@9c49284c1234358495d88cd7e67fada8a0e10af2/fonts/google/scheherazade-new/files/scheherazade-new-latin-400-normal.woff2
scheherazade-new-arabic-500-normal.woff2	https://raw.githubusercontent.com/fontsource/font-files/9c49284c1234358495d88cd7e67fada8a0e10af2/fonts/google/scheherazade-new/files/scheherazade-new-arabic-500-normal.woff2	https://cdn.jsdelivr.net/gh/fontsource/font-files@9c49284c1234358495d88cd7e67fada8a0e10af2/fonts/google/scheherazade-new/files/scheherazade-new-arabic-500-normal.woff2
scheherazade-new-latin-500-normal.woff2	https://raw.githubusercontent.com/fontsource/font-files/9c49284c1234358495d88cd7e67fada8a0e10af2/fonts/google/scheherazade-new/files/scheherazade-new-latin-500-normal.woff2	https://cdn.jsdelivr.net/gh/fontsource/font-files@9c49284c1234358495d88cd7e67fada8a0e10af2/fonts/google/scheherazade-new/files/scheherazade-new-latin-500-normal.woff2
scheherazade-new-arabic-600-normal.woff2	https://raw.githubusercontent.com/fontsource/font-files/9c49284c1234358495d88cd7e67fada8a0e10af2/fonts/google/scheherazade-new/files/scheherazade-new-arabic-600-normal.woff2	https://cdn.jsdelivr.net/gh/fontsource/font-files@9c49284c1234358495d88cd7e67fada8a0e10af2/fonts/google/scheherazade-new/files/scheherazade-new-arabic-600-normal.woff2
scheherazade-new-latin-600-normal.woff2	https://raw.githubusercontent.com/fontsource/font-files/9c49284c1234358495d88cd7e67fada8a0e10af2/fonts/google/scheherazade-new/files/scheherazade-new-latin-600-normal.woff2	https://cdn.jsdelivr.net/gh/fontsource/font-files@9c49284c1234358495d88cd7e67fada8a0e10af2/fonts/google/scheherazade-new/files/scheherazade-new-latin-600-normal.woff2
scheherazade-new-arabic-700-normal.woff2	https://raw.githubusercontent.com/fontsource/font-files/9c49284c1234358495d88cd7e67fada8a0e10af2/fonts/google/scheherazade-new/files/scheherazade-new-arabic-700-normal.woff2	https://cdn.jsdelivr.net/gh/fontsource/font-files@9c49284c1234358495d88cd7e67fada8a0e10af2/fonts/google/scheherazade-new/files/scheherazade-new-arabic-700-normal.woff2
scheherazade-new-latin-700-normal.woff2	https://raw.githubusercontent.com/fontsource/font-files/9c49284c1234358495d88cd7e67fada8a0e10af2/fonts/google/scheherazade-new/files/scheherazade-new-latin-700-normal.woff2	https://cdn.jsdelivr.net/gh/fontsource/font-files@9c49284c1234358495d88cd7e67fada8a0e10af2/fonts/google/scheherazade-new/files/scheherazade-new-latin-700-normal.woff2
noto-naskh-arabic-arabic-400-normal.woff2	https://raw.githubusercontent.com/fontsource/font-files/9c49284c1234358495d88cd7e67fada8a0e10af2/fonts/google/noto-naskh-arabic/files/noto-naskh-arabic-arabic-400-normal.woff2	https://cdn.jsdelivr.net/gh/fontsource/font-files@9c49284c1234358495d88cd7e67fada8a0e10af2/fonts/google/noto-naskh-arabic/files/noto-naskh-arabic-arabic-400-normal.woff2
noto-naskh-arabic-latin-400-normal.woff2	https://raw.githubusercontent.com/fontsource/font-files/9c49284c1234358495d88cd7e67fada8a0e10af2/fonts/google/noto-naskh-arabic/files/noto-naskh-arabic-latin-400-normal.woff2	https://cdn.jsdelivr.net/gh/fontsource/font-files@9c49284c1234358495d88cd7e67fada8a0e10af2/fonts/google/noto-naskh-arabic/files/noto-naskh-arabic-latin-400-normal.woff2
noto-naskh-arabic-arabic-500-normal.woff2	https://raw.githubusercontent.com/fontsource/font-files/9c49284c1234358495d88cd7e67fada8a0e10af2/fonts/google/noto-naskh-arabic/files/noto-naskh-arabic-arabic-500-normal.woff2	https://cdn.jsdelivr.net/gh/fontsource/font-files@9c49284c1234358495d88cd7e67fada8a0e10af2/fonts/google/noto-naskh-arabic/files/noto-naskh-arabic-arabic-500-normal.woff2
noto-naskh-arabic-latin-500-normal.woff2	https://raw.githubusercontent.com/fontsource/font-files/9c49284c1234358495d88cd7e67fada8a0e10af2/fonts/google/noto-naskh-arabic/files/noto-naskh-arabic-latin-500-normal.woff2	https://cdn.jsdelivr.net/gh/fontsource/font-files@9c49284c1234358495d88cd7e67fada8a0e10af2/fonts/google/noto-naskh-arabic/files/noto-naskh-arabic-latin-500-normal.woff2
noto-naskh-arabic-arabic-600-normal.woff2	https://raw.githubusercontent.com/fontsource/font-files/9c49284c1234358495d88cd7e67fada8a0e10af2/fonts/google/noto-naskh-arabic/files/noto-naskh-arabic-arabic-600-normal.woff2	https://cdn.jsdelivr.net/gh/fontsource/font-files@9c49284c1234358495d88cd7e67fada8a0e10af2/fonts/google/noto-naskh-arabic/files/noto-naskh-arabic-arabic-600-normal.woff2
noto-naskh-arabic-latin-600-normal.woff2	https://raw.githubusercontent.com/fontsource/font-files/9c49284c1234358495d88cd7e67fada8a0e10af2/fonts/google/noto-naskh-arabic/files/noto-naskh-arabic-latin-600-normal.woff2	https://cdn.jsdelivr.net/gh/fontsource/font-files@9c49284c1234358495d88cd7e67fada8a0e10af2/fonts/google/noto-naskh-arabic/files/noto-naskh-arabic-latin-600-normal.woff2
noto-naskh-arabic-arabic-700-normal.woff2	https://raw.githubusercontent.com/fontsource/font-files/9c49284c1234358495d88cd7e67fada8a0e10af2/fonts/google/noto-naskh-arabic/files/noto-naskh-arabic-arabic-700-normal.woff2	https://cdn.jsdelivr.net/gh/fontsource/font-files@9c49284c1234358495d88cd7e67fada8a0e10af2/fonts/google/noto-naskh-arabic/files/noto-naskh-arabic-arabic-700-normal.woff2
noto-naskh-arabic-latin-700-normal.woff2	https://raw.githubusercontent.com/fontsource/font-files/9c49284c1234358495d88cd7e67fada8a0e10af2/fonts/google/noto-naskh-arabic/files/noto-naskh-arabic-latin-700-normal.woff2	https://cdn.jsdelivr.net/gh/fontsource/font-files@9c49284c1234358495d88cd7e67fada8a0e10af2/fonts/google/noto-naskh-arabic/files/noto-naskh-arabic-latin-700-normal.woff2
lateef-arabic-400-normal.woff2	https://raw.githubusercontent.com/fontsource/font-files/9c49284c1234358495d88cd7e67fada8a0e10af2/fonts/google/lateef/files/lateef-arabic-400-normal.woff2	https://cdn.jsdelivr.net/gh/fontsource/font-files@9c49284c1234358495d88cd7e67fada8a0e10af2/fonts/google/lateef/files/lateef-arabic-400-normal.woff2
lateef-latin-400-normal.woff2	https://raw.githubusercontent.com/fontsource/font-files/9c49284c1234358495d88cd7e67fada8a0e10af2/fonts/google/lateef/files/lateef-latin-400-normal.woff2	https://cdn.jsdelivr.net/gh/fontsource/font-files@9c49284c1234358495d88cd7e67fada8a0e10af2/fonts/google/lateef/files/lateef-latin-400-normal.woff2
lateef-arabic-700-normal.woff2	https://raw.githubusercontent.com/fontsource/font-files/9c49284c1234358495d88cd7e67fada8a0e10af2/fonts/google/lateef/files/lateef-arabic-700-normal.woff2	https://cdn.jsdelivr.net/gh/fontsource/font-files@9c49284c1234358495d88cd7e67fada8a0e10af2/fonts/google/lateef/files/lateef-arabic-700-normal.woff2
lateef-latin-700-normal.woff2	https://raw.githubusercontent.com/fontsource/font-files/9c49284c1234358495d88cd7e67fada8a0e10af2/fonts/google/lateef/files/lateef-latin-700-normal.woff2	https://cdn.jsdelivr.net/gh/fontsource/font-files@9c49284c1234358495d88cd7e67fada8a0e10af2/fonts/google/lateef/files/lateef-latin-700-normal.woff2
cairo-arabic-400-normal.woff2	https://raw.githubusercontent.com/fontsource/font-files/9c49284c1234358495d88cd7e67fada8a0e10af2/fonts/google/cairo/files/cairo-arabic-400-normal.woff2	https://cdn.jsdelivr.net/gh/fontsource/font-files@9c49284c1234358495d88cd7e67fada8a0e10af2/fonts/google/cairo/files/cairo-arabic-400-normal.woff2
cairo-latin-400-normal.woff2	https://raw.githubusercontent.com/fontsource/font-files/9c49284c1234358495d88cd7e67fada8a0e10af2/fonts/google/cairo/files/cairo-latin-400-normal.woff2	https://cdn.jsdelivr.net/gh/fontsource/font-files@9c49284c1234358495d88cd7e67fada8a0e10af2/fonts/google/cairo/files/cairo-latin-400-normal.woff2
cairo-arabic-500-normal.woff2	https://raw.githubusercontent.com/fontsource/font-files/9c49284c1234358495d88cd7e67fada8a0e10af2/fonts/google/cairo/files/cairo-arabic-500-normal.woff2	https://cdn.jsdelivr.net/gh/fontsource/font-files@9c49284c1234358495d88cd7e67fada8a0e10af2/fonts/google/cairo/files/cairo-arabic-500-normal.woff2
cairo-latin-500-normal.woff2	https://raw.githubusercontent.com/fontsource/font-files/9c49284c1234358495d88cd7e67fada8a0e10af2/fonts/google/cairo/files/cairo-latin-500-normal.woff2	https://cdn.jsdelivr.net/gh/fontsource/font-files@9c49284c1234358495d88cd7e67fada8a0e10af2/fonts/google/cairo/files/cairo-latin-500-normal.woff2
cairo-arabic-600-normal.woff2	https://raw.githubusercontent.com/fontsource/font-files/9c49284c1234358495d88cd7e67fada8a0e10af2/fonts/google/cairo/files/cairo-arabic-600-normal.woff2	https://cdn.jsdelivr.net/gh/fontsource/font-files@9c49284c1234358495d88cd7e67fada8a0e10af2/fonts/google/cairo/files/cairo-arabic-600-normal.woff2
cairo-latin-600-normal.woff2	https://raw.githubusercontent.com/fontsource/font-files/9c49284c1234358495d88cd7e67fada8a0e10af2/fonts/google/cairo/files/cairo-latin-600-normal.woff2	https://cdn.jsdelivr.net/gh/fontsource/font-files@9c49284c1234358495d88cd7e67fada8a0e10af2/fonts/google/cairo/files/cairo-latin-600-normal.woff2
cairo-arabic-700-normal.woff2	https://raw.githubusercontent.com/fontsource/font-files/9c49284c1234358495d88cd7e67fada8a0e10af2/fonts/google/cairo/files/cairo-arabic-700-normal.woff2	https://cdn.jsdelivr.net/gh/fontsource/font-files@9c49284c1234358495d88cd7e67fada8a0e10af2/fonts/google/cairo/files/cairo-arabic-700-normal.woff2
cairo-latin-700-normal.woff2	https://raw.githubusercontent.com/fontsource/font-files/9c49284c1234358495d88cd7e67fada8a0e10af2/fonts/google/cairo/files/cairo-latin-700-normal.woff2	https://cdn.jsdelivr.net/gh/fontsource/font-files@9c49284c1234358495d88cd7e67fada8a0e10af2/fonts/google/cairo/files/cairo-latin-700-normal.woff2
tajawal-arabic-400-normal.woff2	https://raw.githubusercontent.com/fontsource/font-files/9c49284c1234358495d88cd7e67fada8a0e10af2/fonts/google/tajawal/files/tajawal-arabic-400-normal.woff2	https://cdn.jsdelivr.net/gh/fontsource/font-files@9c49284c1234358495d88cd7e67fada8a0e10af2/fonts/google/tajawal/files/tajawal-arabic-400-normal.woff2
tajawal-latin-400-normal.woff2	https://raw.githubusercontent.com/fontsource/font-files/9c49284c1234358495d88cd7e67fada8a0e10af2/fonts/google/tajawal/files/tajawal-latin-400-normal.woff2	https://cdn.jsdelivr.net/gh/fontsource/font-files@9c49284c1234358495d88cd7e67fada8a0e10af2/fonts/google/tajawal/files/tajawal-latin-400-normal.woff2
tajawal-arabic-500-normal.woff2	https://raw.githubusercontent.com/fontsource/font-files/9c49284c1234358495d88cd7e67fada8a0e10af2/fonts/google/tajawal/files/tajawal-arabic-500-normal.woff2	https://cdn.jsdelivr.net/gh/fontsource/font-files@9c49284c1234358495d88cd7e67fada8a0e10af2/fonts/google/tajawal/files/tajawal-arabic-500-normal.woff2
tajawal-latin-500-normal.woff2	https://raw.githubusercontent.com/fontsource/font-files/9c49284c1234358495d88cd7e67fada8a0e10af2/fonts/google/tajawal/files/tajawal-latin-500-normal.woff2	https://cdn.jsdelivr.net/gh/fontsource/font-files@9c49284c1234358495d88cd7e67fada8a0e10af2/fonts/google/tajawal/files/tajawal-latin-500-normal.woff2
tajawal-arabic-700-normal.woff2	https://raw.githubusercontent.com/fontsource/font-files/9c49284c1234358495d88cd7e67fada8a0e10af2/fonts/google/tajawal/files/tajawal-arabic-700-normal.woff2	https://cdn.jsdelivr.net/gh/fontsource/font-files@9c49284c1234358495d88cd7e67fada8a0e10af2/fonts/google/tajawal/files/tajawal-arabic-700-normal.woff2
tajawal-latin-700-normal.woff2	https://raw.githubusercontent.com/fontsource/font-files/9c49284c1234358495d88cd7e67fada8a0e10af2/fonts/google/tajawal/files/tajawal-latin-700-normal.woff2	https://cdn.jsdelivr.net/gh/fontsource/font-files@9c49284c1234358495d88cd7e67fada8a0e10af2/fonts/google/tajawal/files/tajawal-latin-700-normal.woff2
